id,first_name,last_name,email,salary,currency
1,Elisabetta,Noads,enoads0@sfgate.com,27163,Yuan Renminbi
2,Sherry,Rigden,srigden1@cmu.edu,80602,Zloty
3,Manuel,Tevelov,mtevelov2@list-manage.com,32347,Rupiah
4,Bradan,Bauckham,bbauckham3@walmart.com,89251,Somoni
5,Manya,Duckinfield,mduckinfield4@adobe.com,70354,Peso
6,Uriah,Brightwell,ubrightwell5@chronoengine.com,80833,Manat
7,Guthrey,Hevey,ghevey6@de.vu,53719,Lempira
8,Elizabet,Tomaskunas,etomaskunas7@shutterfly.com,60245,Marka
9,Evie,Hayfield,ehayfield8@craigslist.org,56594,Peso
10,Chelsae,Carlett,ccarlett9@cnet.com,43573,Yen
11,Ambur,Montgomery,amontgomerya@istockphoto.com,25762,Euro
12,Tomkin,Semor,tsemorb@google.ca,35127,Yuan Renminbi
13,Alfred,Matthisson,amatthissonc@sphinn.com,76803,Euro
14,Gillian,Clougher,gclougherd@bizjournals.com,65958,Yuan Renminbi
15,Ogdon,Leonardi,oleonardie@vk.com,22864,Ruble
16,Alick,McAughtry,amcaughtryf@indiegogo.com,55118,Zloty
17,Kathlin,Sutliff,ksutliffg@slashdot.org,74253,Rupiah
18,Esther,Yegorov,eyegorovh@eventbrite.com,91612,Loti
19,Karena,Davall,kdavalli@nytimes.com,75676,Krone
20,Joelle,De Cristofalo,jdecristofaloj@xing.com,11124,Real
21,Jobina,Cornick,jcornickk@multiply.com,69977,Yuan Renminbi
22,Putnam,Jellard,pjellardl@indiegogo.com,29932,Real
23,Cynthy,Greg,cgregm@moonfruit.com,8000,Hryvnia
24,Jasper,Normandale,jnormandalen@boston.com,89913,Yuan Renminbi
25,Minette,Huygen,mhuygeno@purevolume.com,10616,Real
26,Wenda,Rayne,wraynep@economist.com,17905,Peso
27,Ezmeralda,Prinn,eprinnq@mtv.com,27100,Rupiah
28,Halley,Zammett,hzammettr@deviantart.com,87756,Peso
29,Mavra,Ramet,mramets@fastcompany.com,83212,Yuan Renminbi
30,Sunny,Sherwell,ssherwellt@hibu.com,81382,Naira
31,Aloise,Verson,aversonu@ifeng.com,35116,Ruble
32,Paige,Dunstan,pdunstanv@skype.com,88275,Krona
33,Stevana,De Wolfe,sdewolfew@github.com,67739,Franc
34,Darius,Cowper,dcowperx@businessweek.com,8306,Yuan Renminbi
35,Andi,Rowson,arowsony@nymag.com,66252,Rupiah
36,Brandie,Eaddy,beaddyz@java.com,42801,Afghani
37,Conway,Lankford,clankford10@furl.net,40327,Euro
38,Tynan,Silbermann,tsilbermann11@wired.com,99937,Rupiah
39,Jone,Clapison,jclapison12@seattletimes.com,94906,Dollar
40,Daria,Spandley,dspandley13@furl.net,44993,Euro
41,Odell,Tieman,otieman14@macromedia.com,4479,Real
42,Abe,Pennington,apennington15@imgur.com,94506,Rupiah
43,Trixy,Dockerty,tdockerty16@soundcloud.com,10051,Peso
44,Emelen,Lalonde,elalonde17@discovery.com,95576,Krona
45,Marylinda,McGrale,mmcgrale18@skype.com,49608,Dinar
46,Garrett,Donoghue,gdonoghue19@bravesites.com,71142,Peso
47,Barnabe,Thomke,bthomke1a@prweb.com,44550,Balboa
48,Kary,Jennins,kjennins1b@cocolog-nifty.com,38286,Yuan Renminbi
49,Rosalinde,Shortall,rshortall1c@privacy.gov.au,52936,Yuan Renminbi
50,Valentino,Fliege,vfliege1d@hp.com,70086,Yuan Renminbi
51,Sharai,Biaggetti,sbiaggetti1e@hexun.com,29720,Yuan Renminbi
52,Ettie,Coaker,ecoaker1f@i2i.jp,5680,Zloty
53,Ferguson,Errichiello,ferrichiello1g@simplemachines.org,44355,Euro
54,Edward,Scrancher,escrancher1h@dot.gov,2536,Yuan Renminbi
55,Slade,Brayson,sbrayson1i@salon.com,55089,Rupiah
56,Franklyn,Shird,fshird1j@soup.io,12803,Baht
57,Dewain,Kildea,dkildea1k@blogs.com,50272,Yuan Renminbi
58,Garrik,Ganning,gganning1l@weibo.com,17283,Real
59,Mavis,Scorton,mscorton1m@multiply.com,44309,Rupiah
60,Eachelle,Bowne,ebowne1n@eepurl.com,31505,Yuan Renminbi
61,Alfreda,McLeish,amcleish1o@hubpages.com,31572,Dalasi
62,Van,Rolfi,vrolfi1p@constantcontact.com,28472,Ruble
63,Dalila,Dinneges,ddinneges1q@marketwatch.com,83468,Sol
64,Laina,Sperling,lsperling1r@com.com,49311,Dollar
65,Dorelia,Lohoar,dlohoar1s@sciencedaily.com,77853,Real
66,Darda,O'Mullally,domullally1t@usatoday.com,90853,Real
67,Enrico,Ruddlesden,eruddlesden1u@constantcontact.com,2751,Rupiah
68,Alden,Chucks,achucks1v@ucla.edu,85264,Yuan Renminbi
69,Faith,Piddletown,fpiddletown1w@xinhuanet.com,60849,Yen
70,Candace,Lansdown,clansdown1x@printfriendly.com,79146,Peso
71,Devina,Djekic,ddjekic1y@google.nl,34957,Ruble
72,Shadow,Petrosian,spetrosian1z@phoca.cz,21407,Euro
73,Coriss,Littlejohns,clittlejohns20@businessinsider.com,26745,Dram
74,Niels,Goodwill,ngoodwill21@discovery.com,89319,Dollar
75,Jarid,Izsak,jizsak22@behance.net,11122,Won
76,Gunther,Stallon,gstallon23@posterous.com,40303,Yuan Renminbi
77,Jeane,Russell,jrussell24@123-reg.co.uk,73078,Real
78,Fabe,Pedri,fpedri25@xinhuanet.com,59385,Dinar
79,Maire,Diego,mdiego26@jalbum.net,17017,Franc
80,Perla,Ingarfield,pingarfield27@bluehost.com,51411,Dollar
81,Elna,Greir,egreir28@shop-pro.jp,50590,Euro
82,Adham,Dowey,adowey29@wikia.com,21963,Euro
83,Edy,Dirand,edirand2a@foxnews.com,62689,Yuan Renminbi
84,Blondie,Jordi,bjordi2b@parallels.com,93812,Lempira
85,Jeniffer,Ramirez,jramirez2c@msu.edu,60342,Real
86,Margret,Grinyer,mgrinyer2d@un.org,31336,Ringgit
87,Gage,Costall,gcostall2e@uiuc.edu,3343,Dalasi
88,Audi,Dreng,adreng2f@tinypic.com,75605,Yuan Renminbi
89,Judas,Heaphy,jheaphy2g@redcross.org,80060,Yuan Renminbi
90,Koren,Lagden,klagden2h@dot.gov,43293,Yuan Renminbi
91,Lavinie,Charville,lcharville2i@prlog.org,59360,Franc
92,Cherlyn,Delouch,cdelouch2j@whitehouse.gov,29839,Real
93,Adams,Dover,adover2k@eventbrite.com,14106,Won
94,Tallie,De Benedictis,tdebenedictis2l@marketwatch.com,67505,Euro
95,Rogerio,Lorenc,rlorenc2m@topsy.com,11891,Boliviano
96,Findlay,Fridlington,ffridlington2n@youtu.be,24058,Dollar
97,Rosabel,Buckett,rbuckett2o@youtube.com,43810,Yuan Renminbi
98,Vasili,Brokenshire,vbrokenshire2p@privacy.gov.au,13652,Pound
99,Friederike,Girardengo,fgirardengo2q@last.fm,79720,Ruble
100,Rawley,Troughton,rtroughton2r@comsenz.com,22423,Quetzal
101,Bennett,Cleeve,bcleeve2s@msu.edu,79802,Koruna
102,Willie,Schenfisch,wschenfisch2t@moonfruit.com,38835,Yuan Renminbi
103,Jourdan,Charity,jcharity2u@opera.com,74933,Naira
104,Shannen,Gillopp,sgillopp2v@timesonline.co.uk,65537,Dollar
105,Flemming,Le Galle,flegalle2w@quantcast.com,90293,Euro
106,Federica,Bonavia,fbonavia2x@opera.com,1217,Dollar
107,Brianna,Stickel,bstickel2y@phoca.cz,87202,Peso
108,Guinevere,Ince,gince2z@arstechnica.com,51562,Naira
109,Ingra,Brum,ibrum30@istockphoto.com,74349,Dollar
110,Janetta,Cubuzzi,jcubuzzi31@marketwatch.com,68866,Pound
111,Dana,Spellacy,dspellacy32@naver.com,95578,Yuan Renminbi
112,Antonio,Wolford,awolford33@odnoklassniki.ru,45650,Rupiah
113,Charil,Oneill,coneill34@amazon.de,91800,Euro
114,Hill,Canet,hcanet35@dell.com,81589,Rupiah
115,Elsworth,Styan,estyan36@privacy.gov.au,31181,Yuan Renminbi
116,Norina,Lebrun,nlebrun37@springer.com,21871,Sol
117,Gaile,Fidgett,gfidgett38@sciencedirect.com,42032,Ruble
118,Iolande,Goter,igoter39@abc.net.au,74608,Euro
119,Celia,McAdam,cmcadam3a@comcast.net,47172,Yuan Renminbi
120,Mirilla,Knell,mknell3b@upenn.edu,2222,Yuan Renminbi
121,Gunilla,Pursey,gpursey3c@oracle.com,50962,Rupiah
122,Ilse,Eminson,ieminson3d@baidu.com,76890,Yuan Renminbi
123,Nicolle,Gley,ngley3e@ihg.com,66262,Ruble
124,Freeman,Dyster,fdyster3f@webeden.co.uk,43701,Rupiah
125,Farrah,Gyles,fgyles3g@disqus.com,90113,Euro
126,Chalmers,Spleving,cspleving3h@addthis.com,35314,Tenge
127,Barbie,Zupone,bzupone3i@com.com,87337,Quetzal
128,Cordy,Worner,cworner3j@stumbleupon.com,53585,Ringgit
129,Lanette,Mannin,lmannin3k@hostgator.com,22630,Rupiah
130,Zebedee,Vosper,zvosper3l@1688.com,76412,Peso
131,Jordanna,Ritchard,jritchard3m@woothemes.com,4063,Ruble
132,Roscoe,Slarke,rslarke3n@craigslist.org,73671,Dollar
133,Mart,Grose,mgrose3o@networksolutions.com,88226,Pound
134,Selle,Garett,sgarett3p@upenn.edu,46154,Euro
135,Lanae,Gowlett,lgowlett3q@tumblr.com,81476,Euro
136,Engelbert,Herity,eherity3r@hud.gov,16272,Euro
137,Dimitry,Fazakerley,dfazakerley3s@clickbank.net,80553,Metical
138,Claus,Snaith,csnaith3t@prnewswire.com,79350,Guarani
139,Marian,Kinglake,mkinglake3u@mashable.com,24859,Rand
140,Lil,Brims,lbrims3v@imageshack.us,22521,Euro
141,Juliet,Phillipson,jphillipson3w@google.it,5179,Yuan Renminbi
142,Antoinette,Dudley,adudley3x@com.com,50538,Ruble
143,Gwen,Dislee,gdislee3y@symantec.com,8159,Ruble
144,Mose,Janny,mjanny3z@ihg.com,71763,Yuan Renminbi
145,Gus,Deller,gdeller40@cnet.com,33822,Franc
146,Adham,Phlippsen,aphlippsen41@sakura.ne.jp,4893,Euro
147,Simonette,Nehls,snehls42@soup.io,61072,Zloty
148,Carlin,McComb,cmccomb43@nbcnews.com,54785,Euro
149,Ruthie,Cater,rcater44@ed.gov,62050,Peso
150,Tuesday,Grace,tgrace45@wsj.com,78454,Rupiah
151,Kaja,McMillan,kmcmillan46@acquirethisname.com,14891,Peso
152,Dyane,Mackerel,dmackerel47@skype.com,95049,Euro
153,Pearce,Ropkes,propkes48@marketwatch.com,40501,Won
154,Faye,Guillem,fguillem49@stumbleupon.com,9673,Lek
155,Hayyim,Daughtery,hdaughtery4a@sun.com,54428,Yuan Renminbi
156,Ronni,Pesak,rpesak4b@sfgate.com,49011,Peso
157,Sayre,Prichet,sprichet4c@aol.com,63904,Rupiah
158,Adolphus,Bogey,abogey4d@psu.edu,73488,Euro
159,Ty,Klishin,tklishin4e@epa.gov,40337,Bolivar
160,Adora,Marde,amarde4f@imgur.com,56762,Euro
161,Stevy,Tansey,stansey4g@miibeian.gov.cn,61032,Koruna
162,Hilly,Marnane,hmarnane4h@hp.com,26059,Dollar
163,Ulrick,Eykelbosch,ueykelbosch4i@webs.com,69032,Yuan Renminbi
164,Gael,Eilhart,geilhart4j@digg.com,53031,Peso
165,Cam,Wakelin,cwakelin4k@wordpress.org,33220,Rand
166,Bren,Ruddom,bruddom4l@gizmodo.com,14945,Tugrik
167,Paulie,O' Connell,poconnell4m@howstuffworks.com,38434,Dollar
168,Clem,Skotcher,cskotcher4n@delicious.com,59624,Ruble
169,Britteny,Guidera,bguidera4o@last.fm,53973,Yuan Renminbi
170,Ashbey,Slyme,aslyme4p@wikispaces.com,81144,Yen
171,Halli,Scudders,hscudders4q@rambler.ru,78797,Peso
172,Dawna,Skotcher,dskotcher4r@virginia.edu,86388,Yen
173,Kania,Whitehorn,kwhitehorn4s@feedburner.com,3317,Yuan Renminbi
174,Ban,Warin,bwarin4t@cbslocal.com,5176,Yuan Renminbi
175,Wain,Gradley,wgradley4u@newyorker.com,56366,Rupiah
176,Yolande,Yurocjhin,yyurocjhin4v@devhub.com,80245,Afghani
177,Bernadine,Farquharson,bfarquharson4w@ebay.co.uk,63660,Franc
178,Lemar,Yaldren,lyaldren4x@feedburner.com,35371,Euro
179,Anna-diane,Currie,acurrie4y@symantec.com,18968,Hryvnia
180,Dalton,Lissandre,dlissandre4z@sciencedirect.com,79210,Peso
181,Marja,Hinchshaw,mhinchshaw50@privacy.gov.au,23111,Baht
182,Karlis,Strephan,kstrephan51@free.fr,40678,Euro
183,Germaine,Massey,gmassey52@addthis.com,3761,Yuan Renminbi
184,Morgana,McColl,mmccoll53@amazon.co.uk,75179,Yen
185,Lancelot,Nasi,lnasi54@si.edu,72704,Rial
186,Brittani,Sapp,bsapp55@smugmug.com,32074,Rial
187,Domenico,Cristou,dcristou56@unesco.org,49014,Euro
188,Trixie,Hollow,thollow57@imgur.com,9781,Peso
189,Alisander,Augar,aaugar58@dailymotion.com,17519,Euro
190,Roth,Dare,rdare59@mediafire.com,35434,Ruble
191,Bernardina,Ianizzi,bianizzi5a@ted.com,65530,Hryvnia
192,Cammy,Jeffries,cjeffries5b@netvibes.com,8654,Franc
193,Harriette,Jantot,hjantot5c@unblog.fr,35431,Rupiah
194,Skipton,Pitchers,spitchers5d@state.tx.us,21219,Yuan Renminbi
195,Brooks,Karolowski,bkarolowski5e@addthis.com,77978,Dinar
196,Cherrita,Pavelka,cpavelka5f@usatoday.com,55186,Rial
197,Stirling,Waith,swaith5g@thetimes.co.uk,81082,Yen
198,Thornie,Fannon,tfannon5h@twitpic.com,29827,Quetzal
199,Leena,Northrop,lnorthrop5i@blogger.com,30068,Yuan Renminbi
200,Savina,Gaitone,sgaitone5j@theatlantic.com,2888,Yuan Renminbi
201,Hilary,Jarvis,hjarvis5k@spiegel.de,35777,Yuan Renminbi
202,Odetta,Heustace,oheustace5l@miitbeian.gov.cn,40284,Hryvnia
203,Zach,Delong,zdelong5m@spiegel.de,14838,Euro
204,Ludovico,Eisak,leisak5n@ezinearticles.com,17931,Rupiah
205,Jacynth,Longhi,jlonghi5o@fda.gov,39909,Kuna
206,Stanleigh,Collishaw,scollishaw5p@free.fr,97600,Peso
207,Kippie,Wogden,kwogden5q@marketwatch.com,18473,Sol
208,Hamel,Jerome,hjerome5r@go.com,44287,Yuan Renminbi
209,Jeremiah,Aireton,jaireton5s@china.com.cn,85709,Lek
210,Mickey,Lamas,mlamas5t@salon.com,85736,Lek
211,Donaugh,Stebles,dstebles5u@pcworld.com,26722,Krona
212,Debora,Spaughton,dspaughton5v@qq.com,2469,Krone
213,Cletus,Grisbrook,cgrisbrook5w@amazon.co.jp,85805,Yuan Renminbi
214,Nichol,Grassick,ngrassick5x@hibu.com,3712,Peso
215,Katleen,Outright,koutright5y@engadget.com,43922,Real
216,Holmes,Farrand,hfarrand5z@europa.eu,18980,Rand
217,Traci,Clewlow,tclewlow60@statcounter.com,87218,Peso
218,Rod,Wimbush,rwimbush61@theguardian.com,46380,Peso
219,Willow,Von Oertzen,wvonoertzen62@sphinn.com,64716,Baht
220,Angelika,Moodie,amoodie63@angelfire.com,59890,Rupiah
221,Janeva,Clutram,jclutram64@issuu.com,50970,Shilling
222,Gasparo,Harkin,gharkin65@fda.gov,48221,Zloty
223,Sashenka,Penkethman,spenkethman66@multiply.com,29786,Rupiah
224,Shelby,Issett,sissett67@utexas.edu,6128,Taka
225,Alwin,Godsal,agodsal68@desdev.cn,18425,Rupiah
226,Tildie,Streak,tstreak69@alibaba.com,62599,Peso
227,Glynis,Juanes,gjuanes6a@hostgator.com,56596,Peso
228,Poppy,Black,pblack6b@mac.com,53831,Ruble
229,Calida,Jessopp,cjessopp6c@si.edu,86281,Rand
230,Zared,Hrinchenko,zhrinchenko6d@constantcontact.com,92123,Rupiah
231,Marcos,Stiger,mstiger6e@live.com,29430,Denar
232,Odella,Tailby,otailby6f@cbsnews.com,62989,Yuan Renminbi
233,Leela,Gladtbach,lgladtbach6g@chicagotribune.com,94405,Rial
234,Bartolemo,Yantsev,byantsev6h@forbes.com,20201,Yuan Renminbi
235,Fair,Fullegar,ffullegar6i@amazon.co.uk,8435,Yuan Renminbi
236,Mordy,Josskowitz,mjosskowitz6j@networksolutions.com,25253,Ringgit
237,Myrilla,Sharrard,msharrard6k@businessweek.com,41960,Euro
238,Fitzgerald,Febry,ffebry6l@bizjournals.com,91455,Dinar
239,Archibaldo,Baskeyfield,abaskeyfield6m@whitehouse.gov,11644,Yuan Renminbi
240,Kari,Snar,ksnar6n@so-net.ne.jp,87641,Sol
241,Ben,Sellens,bsellens6o@independent.co.uk,42691,Sol
242,Margie,Purrier,mpurrier6p@goodreads.com,4113,Real
243,Daveta,Alflatt,dalflatt6q@123-reg.co.uk,33993,Rupiah
244,Ardyce,Bodimeade,abodimeade6r@simplemachines.org,59088,Yuan Renminbi
245,Missie,Rearden,mrearden6s@odnoklassniki.ru,26199,Peso
246,Yalonda,Cassin,ycassin6t@seattletimes.com,96055,Real
247,Tabbie,Eckh,teckh6u@miitbeian.gov.cn,54122,Birr
248,Robert,Labbet,rlabbet6v@google.ru,92617,Franc
249,Syd,Senescall,ssenescall6w@deviantart.com,24914,Yuan Renminbi
250,Debee,Hiscoe,dhiscoe6x@flavors.me,81987,Dram
251,Natalya,Sweetland,nsweetland6y@youku.com,77929,Euro
252,Eb,Barttrum,ebarttrum6z@people.com.cn,66268,Euro
253,Alejoa,Pren,apren70@noaa.gov,87418,Euro
254,Dominick,Peters,dpeters71@cmu.edu,61146,Yuan Renminbi
255,Kirbee,Petrashov,kpetrashov72@webeden.co.uk,68517,Peso
256,Patrizio,Slimme,pslimme73@gizmodo.com,38122,Yuan Renminbi
257,Weidar,Roffey,wroffey74@qq.com,62362,Dollar
258,Dominique,Wellwood,dwellwood75@indiegogo.com,52205,Afghani
259,Frederic,Gianinotti,fgianinotti76@wunderground.com,49845,Yuan Renminbi
260,Gerty,Hymus,ghymus77@princeton.edu,30915,Somoni
261,Mal,Hentzer,mhentzer78@mit.edu,43573,Rupiah
262,Phoebe,Jacobs,pjacobs79@fema.gov,63561,Ruble
263,Marcellus,Iley,miley7a@google.co.jp,87136,Euro
264,Philipa,Geaveny,pgeaveny7b@drupal.org,67695,Yuan Renminbi
265,Genia,Sketh,gsketh7c@surveymonkey.com,69250,Rupiah
266,Aylmer,Elsmere,aelsmere7d@imdb.com,35611,Franc
267,Karlotte,Gofforth,kgofforth7e@themeforest.net,77902,Yuan Renminbi
268,Shirley,Burmaster,sburmaster7f@seesaa.net,67407,Real
269,Demeter,Conerding,dconerding7g@nasa.gov,73558,Ruble
270,Wyatan,Kave,wkave7h@oracle.com,31487,Euro
271,Deane,Constance,dconstance7i@nsw.gov.au,54043,Real
272,Catriona,Eckels,ceckels7j@webmd.com,83943,Yuan Renminbi
273,Erv,Gentery,egentery7k@opensource.org,10467,Euro
274,Ralina,Tyers,rtyers7l@vkontakte.ru,72817,Euro
275,Pam,Christofor,pchristofor7m@tinypic.com,60215,Rupiah
276,Carver,Yglesia,cyglesia7n@google.it,86246,Yuan Renminbi
277,Byran,Jopling,bjopling7o@nps.gov,23782,Real
278,Maire,Blumer,mblumer7p@timesonline.co.uk,66185,Peso
279,Pen,Bestiman,pbestiman7q@elpais.com,42416,Koruna
280,Averell,Van der Hoven,avanderhoven7r@cisco.com,68477,Dinar
281,Roderic,Dunstan,rdunstan7s@sitemeter.com,92319,Baht
282,Tyson,Guntrip,tguntrip7t@stumbleupon.com,34092,Zloty
283,Norrie,Rubroe,nrubroe7u@mac.com,26719,Yuan Renminbi
284,Lydie,Maciejak,lmaciejak7v@elpais.com,68579,Krona
285,Tobit,Dymott,tdymott7w@google.fr,15445,Yuan Renminbi
286,Annetta,Dunton,adunton7x@chronoengine.com,93919,Yuan Renminbi
287,Novelia,Dell,ndell7y@cocolog-nifty.com,30834,Peso
288,Sasha,Salkild,ssalkild7z@uiuc.edu,21956,Real
289,Storm,Selby,sselby80@odnoklassniki.ru,58153,Real
290,Gussie,Loughlin,gloughlin81@amazon.co.jp,61012,Ruble
291,Alicia,Krimmer,akrimmer82@earthlink.net,28456,Hryvnia
292,Suzy,Macon,smacon83@bbc.co.uk,20569,Zloty
293,Gardy,Wormleighton,gwormleighton84@opensource.org,89100,Rupiah
294,Jelene,Boardman,jboardman85@odnoklassniki.ru,89811,Yuan Renminbi
295,Mattias,Windridge,mwindridge86@reuters.com,50163,Peso
296,Boycey,Ferrick,bferrick87@amazon.co.jp,90778,Zloty
297,Sharline,Gerrill,sgerrill88@zdnet.com,67204,Yuan Renminbi
298,Honoria,Irlam,hirlam89@w3.org,4842,Koruna
299,Morrie,Connar,mconnar8a@domainmarket.com,12300,Bolivar
300,Sullivan,Coaster,scoaster8b@studiopress.com,15693,Real
301,Leontyne,Quaif,lquaif8c@gravatar.com,3177,Dollar
302,Lannie,Koch,lkoch8d@alibaba.com,37036,Dinar
303,Dee,Deary,ddeary8e@fda.gov,90025,Rupiah
304,Whit,Lupson,wlupson8f@fotki.com,54833,Euro
305,Fanechka,Favel,ffavel8g@deviantart.com,17913,Sol
306,Ronnica,Weedenburg,rweedenburg8h@biglobe.ne.jp,4649,Sol
307,Genevieve,Kimberley,gkimberley8i@shutterfly.com,41439,Colon
308,Piotr,Stanbrooke,pstanbrooke8j@tiny.cc,70472,Forint
309,Elnore,Sealand,esealand8k@zimbio.com,47535,Lev
310,Tory,Turbern,tturbern8l@webeden.co.uk,28175,Yuan Renminbi
311,Amy,Aldin,aaldin8m@psu.edu,89698,Naira
312,Lenore,Hartnup,lhartnup8n@github.com,12431,Kwacha
313,Benni,Romi,bromi8o@aboutads.info,72934,Pound
314,Reeba,Webben,rwebben8p@discovery.com,91539,Rupiah
315,Aeriell,Garman,agarman8q@bbc.co.uk,59757,Franc
316,Marie-jeanne,Sertin,msertin8r@admin.ch,25999,Tenge
317,Rudy,Summerrell,rsummerrell8s@boston.com,31966,Ruble
318,Pate,Pentlow,ppentlow8t@wordpress.org,66453,Yuan Renminbi
319,Emory,Goldine,egoldine8u@sciencedaily.com,71023,Shilling
320,Vi,Georger,vgeorger8v@chronoengine.com,60358,Dong
321,Edeline,Mottershead,emottershead8w@unc.edu,87842,Ruble
322,Annnora,McGill,amcgill8x@youtube.com,3418,Euro
323,Xever,Odgers,xodgers8y@wikipedia.org,36084,Euro
324,Wake,Stebbings,wstebbings8z@e-recht24.de,45718,Yuan Renminbi
325,Arabelle,Veldstra,aveldstra90@shop-pro.jp,11739,Peso
326,Abdel,Haily,ahaily91@gizmodo.com,33118,Rupiah
327,Mallissa,Emblen,memblen92@umn.edu,31932,Yuan Renminbi
328,Francyne,Barkess,fbarkess93@harvard.edu,26549,Yuan Renminbi
329,Esme,Frankum,efrankum94@irs.gov,78601,Franc
330,Armand,Collinson,acollinson95@sphinn.com,86140,Ringgit
331,Daphene,Bleby,dbleby96@cloudflare.com,47696,Dollar
332,Marylou,Walles,mwalles97@statcounter.com,8114,Balboa
333,Bobina,Semble,bsemble98@gnu.org,65276,Peso
334,Stacia,Boughton,sboughton99@redcross.org,85462,Dollar
335,Astrix,Issacof,aissacof9a@yahoo.com,92404,Sol
336,Selina,Trout,strout9b@vk.com,42597,Yuan Renminbi
337,Sheela,Goning,sgoning9c@elegantthemes.com,79064,Zloty
338,Celestia,Shakesby,cshakesby9d@blogs.com,42675,Yuan Renminbi
339,Kelsey,Adshed,kadshed9e@feedburner.com,56745,Euro
340,Mead,Airds,mairds9f@google.pl,42903,Ringgit
341,Lion,Risdall,lrisdall9g@ftc.gov,8630,Naira
342,Robinet,Samways,rsamways9h@gmpg.org,61773,Hryvnia
343,Mechelle,Geindre,mgeindre9i@ezinearticles.com,16356,Rupiah
344,Leontine,Busse,lbusse9j@moonfruit.com,7407,Krona
345,Donia,Scardafield,dscardafield9k@stanford.edu,18683,Franc
346,Cybil,Welfair,cwelfair9l@mashable.com,82771,Lempira
347,Joice,Mathon,jmathon9m@flavors.me,27045,Yuan Renminbi
348,Louisa,Itscowicz,litscowicz9n@irs.gov,44929,Real
349,Claudette,Charnley,ccharnley9o@who.int,86282,Peso
350,Jorey,Lantaph,jlantaph9p@eventbrite.com,26878,Dollar
351,Inglis,Peaurt,ipeaurt9q@jiathis.com,94948,Rupiah
352,Randie,Shawdforth,rshawdforth9r@newsvine.com,36378,Euro
353,Maura,Alcoran,malcoran9s@issuu.com,37824,Yuan Renminbi
354,Noelle,Crossman,ncrossman9t@hc360.com,89216,Yuan Renminbi
355,Hildegaard,Renbold,hrenbold9u@linkedin.com,56487,Peso
356,Tony,Nicolson,tnicolson9v@desdev.cn,91080,Rupiah
357,Ephrayim,Daveridge,edaveridge9w@yellowpages.com,63704,Baht
358,Alie,Greensall,agreensall9x@miibeian.gov.cn,83985,Zloty
359,Letisha,Mitkin,lmitkin9y@blinklist.com,27198,Real
360,Kin,Bentje,kbentje9z@sina.com.cn,53686,Ruble
361,Theressa,Moorcroft,tmoorcrofta0@vkontakte.ru,20026,Yuan Renminbi
362,Cleveland,Savins,csavinsa1@wordpress.com,8386,Ruble
363,Standford,Rastall,srastalla2@mlb.com,83078,Yuan Renminbi
364,Packston,Hexum,phexuma3@nbcnews.com,90780,Shekel
365,Harli,Wynrehame,hwynrehamea4@techcrunch.com,95668,Euro
366,Mead,Di Carli,mdicarlia5@rambler.ru,13744,Ruble
367,Bendite,Fassum,bfassuma6@nytimes.com,81358,Rupee
368,Earle,Bygraves,ebygravesa7@mail.ru,73459,Rupiah
369,Kathi,Maycey,kmayceya8@unicef.org,67651,Euro
370,Aeriell,Mattke,amattkea9@wunderground.com,13079,Ruble
371,Rudolfo,Bartalini,rbartaliniaa@wikispaces.com,55511,Rial
372,Michele,Damiral,mdamiralab@sina.com.cn,72065,Ruble
373,Irita,Mulles,imullesac@newsvine.com,12317,Euro
374,Moises,Worster,mworsterad@eepurl.com,13722,Yuan Renminbi
375,Schuyler,Oaker,soakerae@posterous.com,25688,Rupiah
376,Cassandry,Pick,cpickaf@miitbeian.gov.cn,13547,Rupiah
377,Levin,Ballister,lballisterag@upenn.edu,17051,Peso
378,Petronella,MacCourt,pmaccourtah@tinyurl.com,38454,Rupee
379,Paton,Soppitt,psoppittai@java.com,24568,Euro
380,Sander,Kenrat,skenrataj@cornell.edu,35117,Ruble
381,Gerti,Flukes,gflukesak@goodreads.com,24877,Ruble
382,Justino,Besse,jbesseal@edublogs.org,96484,Yuan Renminbi
383,Padraig,Warbeys,pwarbeysam@weather.com,42247,Real
384,Pooh,Grolmann,pgrolmannan@blinklist.com,53115,Yuan Renminbi
385,Aretha,Kettlestringes,akettlestringesao@163.com,38873,Rupiah
386,Carma,Flisher,cflisherap@jigsy.com,56495,Euro
387,Emilia,Weson,ewesonaq@dailymail.co.uk,84183,Som
388,Tanney,Chazier,tchazierar@cdbaby.com,52927,Euro
389,Gerrilee,Pollastrone,gpollastroneas@paginegialle.it,52562,Ruble
390,Berkley,Gurton,bgurtonat@cdbaby.com,67458,Yuan Renminbi
391,Errick,Craydon,ecraydonau@infoseek.co.jp,59534,Yuan Renminbi
392,Lynnelle,Cayford,lcayfordav@sohu.com,23931,Ruble
393,Marv,Dudny,mdudnyaw@csmonitor.com,58866,Rupiah
394,Pepe,Lerer,plererax@dropbox.com,32443,Rupiah
395,Con,Venables,cvenablesay@artisteer.com,16783,Yen
396,Raquela,Macey,rmaceyaz@uol.com.br,17930,Euro
397,Lyndsey,Flieger,lfliegerb0@exblog.jp,41784,Yuan Renminbi
398,Mayor,Bielfeldt,mbielfeldtb1@imgur.com,27864,Yuan Renminbi
399,Chicky,Mazzilli,cmazzillib2@discovery.com,2788,Balboa
400,Whittaker,Besset,wbessetb3@so-net.ne.jp,84737,Rand
401,Lorianna,Sabati,lsabatib4@reverbnation.com,21033,Euro
402,Wini,Mcwhinnie,wmcwhinnieb5@instagram.com,36510,Yuan Renminbi
403,Madelon,Studdard,mstuddardb6@privacy.gov.au,81494,Shilling
404,Clayborne,Vigne,cvigneb7@blogtalkradio.com,38215,Yuan Renminbi
405,Katerina,Duplock,kduplockb8@hao123.com,76062,Krona
406,Mendel,Maystone,mmaystoneb9@goo.gl,92375,Dalasi
407,Val,Burl,vburlba@ocn.ne.jp,34861,Dong
408,Coralie,Benes,cbenesbb@google.ru,28579,Peso
409,Sherlock,Wadhams,swadhamsbc@salon.com,42370,Yuan Renminbi
410,Forbes,Liepins,fliepinsbd@naver.com,54971,Rial
411,Fred,Slateford,fslatefordbe@people.com.cn,83960,Peso
412,Silvana,Alflatt,salflattbf@hud.gov,84130,Peso
413,Carolan,Vassman,cvassmanbg@berkeley.edu,47531,Peso
414,Kamillah,Peschke,kpeschkebh@soundcloud.com,92308,Yuan Renminbi
415,Kati,Slide,kslidebi@ifeng.com,41848,Yuan Renminbi
416,Karrie,McEntee,kmcenteebj@icq.com,37733,Rupiah
417,Norbert,Mcwhinnie,nmcwhinniebk@weibo.com,57379,Manat
418,Bear,Russ,brussbl@accuweather.com,7263,Koruna
419,Ophelie,Alflat,oalflatbm@google.fr,48216,Yuan Renminbi
420,Lind,Dy,ldybn@arizona.edu,11098,Real
421,Ursuline,Caudwell,ucaudwellbo@opensource.org,33221,Yuan Renminbi
422,Barron,McClory,bmcclorybp@bandcamp.com,32465,Euro
423,Moyra,Blaney,mblaneybq@webeden.co.uk,70848,Tenge
424,Leeann,Brenton,lbrentonbr@bluehost.com,88784,Baht
425,May,Barwise,mbarwisebs@arstechnica.com,86297,Dollar
426,Free,Crosthwaite,fcrosthwaitebt@rakuten.co.jp,89660,Quetzal
427,Elaine,Ithell,eithellbu@miitbeian.gov.cn,8779,Won
428,Si,Scollick,sscollickbv@google.com,82135,Dirham
429,Pavel,McClure,pmcclurebw@cornell.edu,26800,Hryvnia
430,Flem,Seak,fseakbx@is.gd,20413,Dollar
431,Zacharias,Binder,zbinderby@freewebs.com,91231,Zloty
432,Carver,Schofield,cschofieldbz@engadget.com,63572,Yuan Renminbi
433,Dene,Meehan,dmeehanc0@mediafire.com,28384,Sol
434,Maegan,Bugs,mbugsc1@google.ru,36978,Koruna
435,Jacqueline,Tuffield,jtuffieldc2@nymag.com,69686,Ruble
436,Bendicty,Gaffey,bgaffeyc3@aol.com,16225,Peso
437,Sasha,Lubomirski,slubomirskic4@smugmug.com,66087,Rupiah
438,Star,Keynes,skeynesc5@mac.com,65006,Yuan Renminbi
439,Rolland,Gatenby,rgatenbyc6@who.int,71888,Afghani
440,Roscoe,Cordes,rcordesc7@apple.com,55338,Baht
441,Christiane,Dies,cdiesc8@shareasale.com,90431,Won
442,Opal,Rugge,oruggec9@blog.com,87703,Ruble
443,Griffith,Belone,gbeloneca@dot.gov,89296,Krona
444,Rochette,Dayborne,rdaybornecb@furl.net,43657,Ruble
445,Kamillah,Wooldridge,kwooldridgecc@harvard.edu,94232,Euro
446,Willie,Fruen,wfruencd@ibm.com,47169,Yuan Renminbi
447,Clari,Magee,cmageece@gravatar.com,17598,Dollar
448,Leone,Gepheart,lgepheartcf@virginia.edu,60599,Rupiah
449,Meredithe,Shutle,mshutlecg@senate.gov,59313,Pound
450,Arluene,Digweed,adigweedch@jalbum.net,83106,Ruble
451,Bobette,Matteini,bmatteinici@taobao.com,37951,Pound
452,Rubetta,Burrus,rburruscj@telegraph.co.uk,20698,Dong
453,Richardo,Kaaskooper,rkaaskooperck@sfgate.com,63296,Krone
454,Adriano,Allonby,aallonbycl@uol.com.br,24181,Peso
455,Desirae,Gerge,dgergecm@jugem.jp,5142,Zloty
456,Clovis,Vitet,cvitetcn@senate.gov,8507,Ruble
457,Jakob,M'Chirrie,jmchirrieco@epa.gov,91632,Real
458,Waverley,Zamora,wzamoracp@shinystat.com,44484,Ruble
459,Perren,Fery,pferycq@umn.edu,77120,Real
460,Calida,Ashplant,cashplantcr@fastcompany.com,11400,Rupee
461,Jaimie,Lasham,jlashamcs@youtu.be,20204,Dollar
462,Sarge,Woffinden,swoffindenct@last.fm,90213,Yuan Renminbi
463,Lita,Batchelour,lbatchelourcu@ft.com,71408,Peso
464,Haroun,Housam,hhousamcv@microsoft.com,52398,Hryvnia
465,Angie,Upham,auphamcw@1und1.de,36503,Yuan Renminbi
466,Brennan,Stanfield,bstanfieldcx@amazon.co.jp,93660,Shilling
467,Deane,Packman,dpackmancy@answers.com,72081,Yuan Renminbi
468,Matti,Nellies,mnelliescz@imdb.com,99006,Yuan Renminbi
469,Peggy,Camfield,pcamfieldd0@squidoo.com,61514,Dollar
470,Sigismond,McFeate,smcfeated1@feedburner.com,78508,Real
471,Addy,Lukasen,alukasend2@scientificamerican.com,92381,Ruble
472,Rosaline,Newnham,rnewnhamd3@cocolog-nifty.com,84042,Rupiah
473,Jozef,Mulryan,jmulryand4@ezinearticles.com,58516,Yuan Renminbi
474,Roderich,Illyes,rillyesd5@miibeian.gov.cn,13293,Rupiah
475,Andrea,Bedder,abedderd6@amazon.de,25277,Yuan Renminbi
476,Shara,Cowmeadow,scowmeadowd7@photobucket.com,18218,Rupiah
477,Maximo,Daburn,mdaburnd8@slate.com,89347,Dollar
478,Werner,Guittet,wguittetd9@stanford.edu,3042,Euro
479,Muhammad,Masters,mmastersda@wiley.com,99102,Real
480,Leone,McMaster,lmcmasterdb@umich.edu,67245,Rupee
481,Cobbie,Hardern,charderndc@ebay.com,27873,Cordoba
482,Katharyn,Bagg,kbaggdd@hao123.com,98247,Bolivar
483,Haskel,McRobert,hmcrobertde@constantcontact.com,80936,Rupee
484,Celene,Weinham,cweinhamdf@yahoo.com,84846,Escudo
485,Joelly,Disman,jdismandg@harvard.edu,96153,Rupee
486,Boothe,Vittori,bvittoridh@desdev.cn,67752,Marka
487,Cosimo,Barwack,cbarwackdi@multiply.com,45890,Baht
488,Mead,De Ortega,mdeortegadj@jigsy.com,25988,Yuan Renminbi
489,Menard,Growden,mgrowdendk@arstechnica.com,10273,Peso
490,Mill,Needham,mneedhamdl@patch.com,14590,Baht
491,Maritsa,Flear,mfleardm@pcworld.com,27479,Krone
492,Corrine,Scrane,cscranedn@meetup.com,3461,Yuan Renminbi
493,Keane,Mynard,kmynarddo@facebook.com,65225,Euro
494,Hakeem,Loakes,hloakesdp@163.com,83709,Peso
495,Veradis,Fripps,vfrippsdq@pen.io,56077,Baht
496,Laure,Casajuana,lcasajuanadr@icio.us,99394,Boliviano
497,Paola,Turbard,pturbardds@whitehouse.gov,66537,Zloty
498,Minta,Amies,mamiesdt@sfgate.com,72569,Peso
499,Sophi,Francois,sfrancoisdu@vk.com,79893,Euro
500,Lars,Roderham,lroderhamdv@buzzfeed.com,11800,Koruna
501,Patsy,Bottinelli,pbottinellidw@baidu.com,97786,Ruble
502,Chrissie,Harewood,charewooddx@etsy.com,42314,Rupee
503,Ellynn,Skeffington,eskeffingtondy@mashable.com,11723,Rupiah
504,Judye,Bonellie,jbonelliedz@japanpost.jp,45333,Rupiah
505,Camila,Ruoff,cruoffe0@tuttocitta.it,43991,Peso
506,Hallie,O'Lenane,holenanee1@gov.uk,73812,Koruna
507,Florida,Bluschke,fbluschkee2@unicef.org,11610,Euro
508,Katina,Fulger,kfulgere3@blogtalkradio.com,8124,Yuan Renminbi
509,Janean,Skeath,jskeathe4@dailymotion.com,44398,Boliviano
510,Courtney,Wettern,cwetterne5@lulu.com,42079,Real
511,Christiane,Nezey,cnezeye6@adobe.com,5844,Lempira
512,Elsie,Elner,eelnere7@huffingtonpost.com,82560,Peso
513,Winnie,Rubertis,wrubertise8@sbwire.com,40206,Ruble
514,Peri,Pecey,ppeceye9@ibm.com,98059,Peso
515,Delphine,McFeate,dmcfeateea@bbc.co.uk,50657,Rand
516,Codee,Cowlam,ccowlameb@yale.edu,95021,Euro
517,Elenore,McKea,emckeaec@sohu.com,39980,Sol
518,Colver,Parfitt,cparfitted@wikispaces.com,85004,Yuan Renminbi
519,Cleveland,Tooke,ctookeee@baidu.com,27248,Yuan Renminbi
520,Eydie,Gallant,egallantef@elpais.com,82281,Won
521,Tonnie,Poleye,tpoleyeeg@google.de,95163,Rupee
522,Dot,Rumble,drumbleeh@pagesperso-orange.fr,17164,Ruble
523,Rodger,Verling,rverlingei@amazon.co.jp,70255,Yuan Renminbi
524,Lorrie,Gronaver,lgronaverej@bigcartel.com,53555,Yuan Renminbi
525,Misti,Currin,mcurrinek@house.gov,10995,Yuan Renminbi
526,Germain,Trenaman,gtrenamanel@bloglines.com,46073,Yuan Renminbi
527,Antonino,Pawlik,apawlikem@google.de,2687,Pound
528,Langsdon,Fried,lfrieden@unc.edu,49231,Euro
529,Liam,Jamrowicz,ljamrowiczeo@moonfruit.com,30234,Euro
530,Kliment,Featherstonhalgh,kfeatherstonhalghep@indiegogo.com,63052,Peso
531,Fayth,Kingswood,fkingswoodeq@pcworld.com,43319,Naira
532,Buddie,Beggin,bbegginer@msu.edu,90881,Peso
533,Hy,Bartzen,hbartzenes@tripod.com,81363,Real
534,Shannon,Vedstra,svedstraet@drupal.org,38072,Kuna
535,Caresse,Mellsop,cmellsopeu@lulu.com,6963,Yuan Renminbi
536,Karolina,Worthington,kworthingtonev@intel.com,30690,Dollar
537,Susie,Conti,scontiew@hp.com,7148,Yuan Renminbi
538,Thornton,Hillum,thillumex@surveymonkey.com,46823,Rupiah
539,Halie,MacCague,hmaccagueey@networksolutions.com,87039,Tenge
540,Erv,Wauchope,ewauchopeez@technorati.com,41638,Pound
541,Stephan,Fantonetti,sfantonettif0@squidoo.com,69851,Zloty
542,Derick,Eliet,delietf1@about.me,18790,Yuan Renminbi
543,Gonzalo,Castles,gcastlesf2@kickstarter.com,15533,Yuan Renminbi
544,Freddi,Fromant,ffromantf3@csmonitor.com,24984,Rial
545,Max,MacAdie,mmacadief4@hatena.ne.jp,4201,Cordoba
546,Isidro,Salsbury,isalsburyf5@geocities.com,70188,Zloty
547,Renae,Olliff,rollifff6@who.int,61415,Euro
548,Brandi,Crosdill,bcrosdillf7@time.com,32030,Ruble
549,Berna,MacRory,bmacroryf8@whitehouse.gov,63269,Shilling
550,Robb,Vandrill,rvandrillf9@unesco.org,41700,Ruble
551,Perry,Allen,pallenfa@photobucket.com,69435,Shekel
552,Giffy,Berens,gberensfb@princeton.edu,6253,Euro
553,Anabella,Madoc-Jones,amadocjonesfc@eepurl.com,29378,Ruble
554,Gerrie,Iskov,giskovfd@alexa.com,74328,Koruna
555,Abbi,Itzhaki,aitzhakife@youku.com,92274,Rupiah
556,Doralin,Lightollers,dlightollersff@unblog.fr,35885,Euro
557,Blayne,Zecchinelli,bzecchinellifg@yandex.ru,50135,Yuan Renminbi
558,Nicky,Hatterslay,nhatterslayfh@slate.com,49294,Krona
559,Marguerite,Wittering,mwitteringfi@friendfeed.com,4927,Koruna
560,Rayna,Le feaver,rlefeaverfj@loc.gov,82251,Euro
561,Aleece,Pretswell,apretswellfk@tripod.com,22335,Yuan Renminbi
562,Matias,Osband,mosbandfl@tuttocitta.it,55242,Ariary
563,Elvis,Jans,ejansfm@yolasite.com,11031,Euro
564,Marie-jeanne,Polleye,mpolleyefn@geocities.jp,57335,Tugrik
565,Phillipp,Leynham,pleynhamfo@hugedomains.com,18428,Zloty
566,Meredeth,Totaro,mtotarofp@house.gov,17171,Euro
567,Winnie,Drayton,wdraytonfq@netlog.com,4380,Rupiah
568,Norrie,Borgne,nborgnefr@businesswire.com,86329,Dirham
569,Faina,Arrigo,farrigofs@privacy.gov.au,7094,Ruble
570,Shani,Charters,schartersft@yahoo.com,70914,Peso
571,Cindelyn,Ingerfield,cingerfieldfu@discovery.com,73983,Euro
572,Beatriz,Siely,bsielyfv@loc.gov,43904,Peso
573,Lisbeth,Turmall,lturmallfw@blog.com,57353,Dong
574,Hildegarde,Kitchingman,hkitchingmanfx@homestead.com,17347,Yuan Renminbi
575,Maurise,Exrol,mexrolfy@patch.com,94784,Euro
576,Arri,Worcs,aworcsfz@xing.com,88071,Rupiah
577,Tadd,Tatum,ttatumg0@tinyurl.com,37793,Bolivar
578,Candide,Bertouloume,cbertouloumeg1@icio.us,95847,Rupiah
579,Madelene,Twelftree,mtwelftreeg2@fotki.com,60433,Yen
580,Brittan,Blockey,bblockeyg3@51.la,45636,Zloty
581,Ariel,Neaves,aneavesg4@hugedomains.com,5225,Yuan Renminbi
582,Clarabelle,Lampe,clampeg5@cbc.ca,60160,Krona
583,Darrin,MacCartair,dmaccartairg6@harvard.edu,64008,Peso
584,Claudio,Dockrell,cdockrellg7@dropbox.com,7834,Yuan Renminbi
585,Andre,Scranny,ascrannyg8@amazonaws.com,28843,Real
586,Blakeley,Twells,btwellsg9@acquirethisname.com,41154,Baht
587,Juanita,Allright,jallrightga@virginia.edu,80920,Riels
588,Patsy,Espadas,pespadasgb@mysql.com,89898,Dollar
589,Linnet,Ryburn,lryburngc@e-recht24.de,75505,Zloty
590,Cass,Keedwell,ckeedwellgd@vistaprint.com,7262,Yuan Renminbi
591,Nadiya,Storch,nstorchge@addtoany.com,12829,Euro
592,Arlie,Lanahan,alanahangf@pagesperso-orange.fr,9252,Yuan Renminbi
593,Maressa,Frank,mfrankgg@digg.com,21555,Zloty
594,Patton,Twiname,ptwinamegh@bigcartel.com,29767,Ruble
595,Cacilie,Brimman,cbrimmangi@mit.edu,64562,Yuan Renminbi
596,Viv,Ram,vramgj@nba.com,68984,Yuan Renminbi
597,Dot,Debell,ddebellgk@umn.edu,74272,Real
598,Jo-anne,McCrachen,jmccrachengl@elpais.com,95826,Euro
599,Honoria,Fould,hfouldgm@bbc.co.uk,60826,Birr
600,Rozalin,Gaythor,rgaythorgn@a8.net,3530,Euro
601,Obidiah,Sember,osembergo@cnn.com,94395,Dollar
602,Chiquia,McVicker,cmcvickergp@abc.net.au,44597,Yuan Renminbi
603,Moira,Grayshon,mgrayshongq@123-reg.co.uk,28487,Koruna
604,Perla,Vautre,pvautregr@sphinn.com,43361,Yen
605,Cordell,Benezet,cbenezetgs@archive.org,37953,Ruble
606,Obediah,Graser,ograsergt@mac.com,90496,Euro
607,Dorthy,Carette,dcarettegu@51.la,5439,Euro
608,Jarred,Connor,jconnorgv@ft.com,95455,Yuan Renminbi
609,Flin,Selkirk,fselkirkgw@nasa.gov,69361,Krona
610,Brodie,Lamba,blambagx@nydailynews.com,41224,Euro
611,Shellysheldon,Croydon,scroydongy@army.mil,7132,Peso
612,Meris,Calderwood,mcalderwoodgz@businessinsider.com,57532,Euro
613,Orville,Lowle,olowleh0@icq.com,3542,Peso
614,Robbi,Redier,rredierh1@tuttocitta.it,24894,Rupiah
615,Fredericka,MacFadin,fmacfadinh2@wp.com,12949,Baht
616,Bathsheba,Tarbox,btarboxh3@zimbio.com,51343,Euro
617,Saidee,Mangenot,smangenoth4@psu.edu,3945,Yuan Renminbi
618,Kelci,Keher,kkeherh5@etsy.com,61237,Yuan Renminbi
619,Bendick,Flade,bfladeh6@ftc.gov,65760,Dollar
620,Bonny,Spinello,bspinelloh7@dot.gov,98205,Afghani
621,Pip,Grzeszczyk,pgrzeszczykh8@ox.ac.uk,30410,Hryvnia
622,Silvester,Lampart,slamparth9@sfgate.com,47364,Krona
623,Ethelin,Bristo,ebristoha@miitbeian.gov.cn,69718,Euro
624,Janka,Harflete,jharfletehb@surveymonkey.com,19817,Manat
625,Celie,Kiera,ckierahc@weibo.com,65745,Zloty
626,Carleen,Wheelband,cwheelbandhd@china.com.cn,49357,Euro
627,Halsey,Gillson,hgillsonhe@tinyurl.com,31971,Yuan Renminbi
628,Devlin,Torrent,dtorrenthf@ucsd.edu,64358,Yuan Renminbi
629,Ruby,Dorgan,rdorganhg@slate.com,86120,Ruble
630,Giacinta,Deverell,gdeverellhh@hugedomains.com,86369,Dinar
631,Laurena,Esposito,lespositohi@cisco.com,19365,Euro
632,Kennett,Hissie,khissiehj@altervista.org,11918,Dollar
633,Townsend,Rew,trewhk@wisc.edu,96453,Tenge
634,Felicle,Cruise,fcruisehl@miibeian.gov.cn,38770,Krona
635,Rafaellle,Rideout,rrideouthm@google.pl,41099,Kuna
636,Kevina,Lissimore,klissimorehn@fotki.com,12110,Dollar
637,Marje,Farron,mfarronho@vkontakte.ru,78650,Dollar
638,Feodor,Suter,fsuterhp@edublogs.org,11528,Ruble
639,Evered,Fearns,efearnshq@pagesperso-orange.fr,22819,Ruble
640,Tanitansy,Merricks,tmerrickshr@samsung.com,38289,Rupiah
641,Isabel,Denkin,idenkinhs@jugem.jp,67274,Ariary
642,Mimi,Gisburn,mgisburnht@ihg.com,80572,Peso
643,Malynda,Selman,mselmanhu@google.fr,68062,Yuan Renminbi
644,Debera,Parkman,dparkmanhv@bloglovin.com,53049,Som
645,Lorena,Feldmus,lfeldmushw@fotki.com,16704,Rupiah
646,Aylmer,Chaston,achastonhx@stanford.edu,10122,Dollar
647,Marcelle,Chillingsworth,mchillingsworthhy@dagondesign.com,13058,Rupiah
648,Maighdiln,Haswell,mhaswellhz@163.com,50662,Rupiah
649,Lou,Hebard,lhebardi0@tuttocitta.it,62441,Koruna
650,Dorise,Caddens,dcaddensi1@ning.com,30733,Krona
651,Aila,Sherman,ashermani2@meetup.com,4502,Hryvnia
652,Dolley,Ormston,dormstoni3@cnn.com,16829,Yen
653,Tiff,Beale,tbealei4@tumblr.com,94878,Dollar
654,Carolina,Finnigan,cfinnigani5@admin.ch,21310,Ruble
655,Belicia,Gepson,bgepsoni6@xing.com,84632,Peso
656,Chaddie,Tasseler,ctasseleri7@symantec.com,46451,Sol
657,Selena,Jenteau,sjenteaui8@hhs.gov,99426,Dollar
658,Dwight,Willsmore,dwillsmorei9@economist.com,95096,Krona
659,Ilka,Lorkin,ilorkinia@gov.uk,40303,Ringgit
660,Earlie,Gulland,egullandib@blogspot.com,92277,Koruna
661,Gage,Petit,gpetitic@merriam-webster.com,5854,Euro
662,Anett,Dutton,aduttonid@nsw.gov.au,57669,Peso
663,Zak,Ginnell,zginnellie@alexa.com,83430,Ruble
664,Mick,Bilbrey,mbilbreyif@privacy.gov.au,23481,Peso
665,Fee,Bollen,fbollenig@163.com,66157,Peso
666,Walden,Beeho,wbeehoih@odnoklassniki.ru,21101,Yuan Renminbi
667,Leonid,Sheering,lsheeringii@opensource.org,53181,Peso
668,Gerhardine,Greyes,ggreyesij@discuz.net,49000,Yuan Renminbi
669,Godfrey,Stonelake,gstonelakeik@wikipedia.org,68794,Yuan Renminbi
670,Perrine,Cozins,pcozinsil@youtu.be,70268,Peso
671,Terri,Blacklawe,tblacklaweim@ning.com,28231,Rand
672,Jeremias,Giscken,jgisckenin@t-online.de,21515,Som
673,Elna,Wyke,ewykeio@nymag.com,96515,Peso
674,Moe,Rowlin,mrowlinip@slashdot.org,73633,Dollar
675,Sonny,Prozescky,sprozesckyiq@desdev.cn,79325,Yuan Renminbi
676,Cal,Cunnow,ccunnowir@taobao.com,75879,Euro
677,Vinnie,de Marco,vdemarcois@uol.com.br,90388,Rupiah
678,Tamqrah,Unworth,tunworthit@un.org,56726,Yuan Renminbi
679,Frannie,Basketter,fbasketteriu@soup.io,79790,Real
680,Alasteir,Pickett,apickettiv@timesonline.co.uk,84759,Peso
681,Davina,Secrett,dsecrettiw@howstuffworks.com,75860,Rial
682,Iosep,Korpolak,ikorpolakix@yelp.com,14024,Peso
683,Crista,Prandoni,cprandoniiy@nationalgeographic.com,25182,Yuan Renminbi
684,Gris,Vasilov,gvasiloviz@unblog.fr,13589,Euro
685,Cyndie,Kibbye,ckibbyej0@plala.or.jp,73196,Som
686,Franchot,Plenderleith,fplenderleithj1@studiopress.com,83680,Euro
687,Rodolph,Castana,rcastanaj2@ebay.co.uk,74863,Zloty
688,Aylmar,Neate,aneatej3@time.com,12240,Yuan Renminbi
689,Britney,Dacres,bdacresj4@google.com.hk,7938,Yuan Renminbi
690,Teena,Van den Dael,tvandendaelj5@jalbum.net,23626,Dollar
691,Lorene,Persich,lpersichj6@purevolume.com,68103,Dong
692,Shaughn,Fend,sfendj7@yahoo.com,34428,Peso
693,Kaila,Wallsam,kwallsamj8@epa.gov,28031,Ruble
694,Iain,Rofe,irofej9@marketwatch.com,98000,Afghani
695,Pandora,Mortimer,pmortimerja@cocolog-nifty.com,86926,Pound
696,Tirrell,Hawick,thawickjb@marketwatch.com,56574,Ruble
697,Hercules,Lavelle,hlavellejc@ifeng.com,39358,Krona
698,Parrnell,Anslow,panslowjd@unblog.fr,52710,Yuan Renminbi
699,Hamid,Mariault,hmariaultje@stumbleupon.com,97418,Tenge
700,Chantalle,Gauche,cgauchejf@livejournal.com,60755,Baht
701,Maximo,Pocke,mpockejg@amazon.co.jp,58042,Ruble
702,Dani,Guerreru,dguerrerujh@google.pl,37305,Yuan Renminbi
703,Isidore,Luety,iluetyji@last.fm,3332,Sol
704,Adriana,Atling,aatlingjj@usda.gov,92719,Tenge
705,Joela,Stoodale,jstoodalejk@sourceforge.net,42684,Hryvnia
706,Consalve,Straneo,cstraneojl@vkontakte.ru,15718,Euro
707,Alexander,Fitzgerald,afitzgeraldjm@wordpress.org,1925,Ruble
708,Vaughan,Springell,vspringelljn@geocities.jp,15470,Ruble
709,Jerry,Shewry,jshewryjo@amazonaws.com,61658,Euro
710,Farrel,McNevin,fmcnevinjp@virginia.edu,99123,Zloty
711,Rubi,St. Louis,rstlouisjq@ca.gov,58300,Rupiah
712,Katerine,Waller,kwallerjr@spotify.com,17567,Rupiah
713,Grannie,Cully,gcullyjs@discovery.com,22538,Dollar
714,Emmit,Erangy,eerangyjt@feedburner.com,33059,Rial
715,Quillan,Savoury,qsavouryju@moonfruit.com,88775,Euro
716,Reece,Beeston,rbeestonjv@51.la,18855,Yuan Renminbi
717,Shadow,Sharpus,ssharpusjw@mozilla.com,88927,Real
718,Dix,Ceresa,dceresajx@slideshare.net,56157,Yuan Renminbi
719,Jilleen,Pickrill,jpickrilljy@google.de,60806,Krone
720,Carita,Stopp,cstoppjz@bloglines.com,70111,Real
721,Debbie,Baldoni,dbaldonik0@weather.com,69710,Yen
722,Laurence,Ballin,lballink1@free.fr,79148,Nakfa
723,Huey,McKeag,hmckeagk2@paypal.com,72988,Yuan Renminbi
724,Meredith,Ramsden,mramsdenk3@auda.org.au,8029,Franc
725,Etti,Frith,efrithk4@bing.com,71589,Yuan Renminbi
726,Rolph,Darrigoe,rdarrigoek5@pagesperso-orange.fr,34275,Yuan Renminbi
727,Angy,Haldon,ahaldonk6@etsy.com,32014,Rupiah
728,Trudi,Conquer,tconquerk7@meetup.com,55907,Rial
729,Berrie,Osgerby,bosgerbyk8@xing.com,14168,Rupiah
730,Marya,Huglin,mhuglink9@indiegogo.com,86539,Peso
731,Werner,Hassur,whassurka@mozilla.org,9502,Euro
732,Maxy,Ghidoni,mghidonikb@engadget.com,33571,Yen
733,Homerus,Acland,haclandkc@storify.com,84055,Yen
734,Franky,MacKeever,fmackeeverkd@samsung.com,55786,Yen
735,Gerrard,Rappaport,grappaportke@wikia.com,15437,Koruna
736,Karlee,Orridge,korridgekf@comsenz.com,6054,Tugrik
737,Allegra,Dunridge,adunridgekg@uiuc.edu,78279,Rupiah
738,Aeriel,Vanelli,avanellikh@un.org,93290,Peso
739,Melinda,Kybbye,mkybbyeki@gmpg.org,43167,Zloty
740,Tiffie,Puleque,tpulequekj@businesswire.com,14177,Peso
741,Bruis,Swatheridge,bswatheridgekk@sohu.com,35457,Peso
742,Elicia,Cohane,ecohanekl@ihg.com,5055,Euro
743,Nelle,Slaymaker,nslaymakerkm@tripadvisor.com,85642,Peso
744,Dewain,Canas,dcanaskn@so-net.ne.jp,2895,Dollar
745,Dorine,Randals,drandalsko@huffingtonpost.com,77559,Franc
746,Malachi,Young,myoungkp@princeton.edu,63450,Yuan Renminbi
747,Judd,Walsham,jwalshamkq@java.com,87354,Pound
748,Brittney,Gurys,bguryskr@house.gov,92558,Dollar
749,Gregg,Sproule,gsprouleks@slate.com,23737,Franc
750,Nissie,Carthy,ncarthykt@blogspot.com,99342,Shilling
751,Sharona,McBeath,smcbeathku@etsy.com,48183,Yuan Renminbi
752,Roshelle,Roofe,rroofekv@rambler.ru,16481,Euro
753,Gerick,Piolli,gpiollikw@fotki.com,15019,Peso
754,Gradey,Caldaro,gcaldarokx@census.gov,64512,Yuan Renminbi
755,Effie,Skamal,eskamalky@marriott.com,16982,Shekel
756,Herc,Reignard,hreignardkz@slideshare.net,46558,Peso
757,Maurita,MacAnulty,mmacanultyl0@technorati.com,15523,Franc
758,Woody,Strutley,wstrutleyl1@cnet.com,20711,Dollar
759,Silvio,Prescote,sprescotel2@marketwatch.com,57056,Shilling
760,Barclay,Raftery,brafteryl3@trellian.com,82922,Sol
761,Lauryn,Aspinell,laspinelll4@nydailynews.com,14090,Rupiah
762,Warde,Braizier,wbraizierl5@php.net,50564,Rupiah
763,Carlin,Loche,clochel6@cam.ac.uk,39363,Quetzal
764,Murvyn,MacWhan,mmacwhanl7@acquirethisname.com,82753,Krona
765,Joby,Prisley,jprisleyl8@reddit.com,85608,Peso
766,Vilma,Cobleigh,vcobleighl9@cocolog-nifty.com,61511,Euro
767,Maura,Pashbee,mpashbeela@tripadvisor.com,16351,Krona
768,Clair,Breward,cbrewardlb@telegraph.co.uk,57010,Yuan Renminbi
769,Angelina,Stobbs,astobbslc@businessinsider.com,52896,Peso
770,Albie,Blinckhorne,ablinckhorneld@webnode.com,34256,Shilling
771,Nata,Karoly,nkarolyle@tiny.cc,57431,Yuan Renminbi
772,Lona,Broadbere,lbroadberelf@dropbox.com,99217,Colon
773,Aeriela,Vanyushkin,avanyushkinlg@bigcartel.com,81880,Euro
774,Moore,Germain,mgermainlh@weibo.com,49265,Krona
775,Aldon,Corkill,acorkillli@chronoengine.com,66200,Rupee
776,Kelwin,Yeend,kyeendlj@themeforest.net,65753,Yuan Renminbi
777,Rozanne,Maton,rmatonlk@xrea.com,27159,Yuan Renminbi
778,Orella,Freeland,ofreelandll@skype.com,63624,Gourde
779,Celie,Hymas,chymaslm@auda.org.au,77377,Peso
780,Polly,Heynen,pheynenln@npr.org,3834,Zloty
781,Roanne,Dansken,rdanskenlo@quantcast.com,2801,Zloty
782,Brice,Chillistone,bchillistonelp@hp.com,80373,Real
783,Zondra,Shorthouse,zshorthouselq@ed.gov,12745,Yuan Renminbi
784,Delaney,Hunting,dhuntinglr@booking.com,36976,Yuan Renminbi
785,Hilde,Littlekit,hlittlekitls@stumbleupon.com,22460,Rupiah
786,Celene,Gorwood,cgorwoodlt@ycombinator.com,2805,Dollar
787,Cornie,Neve,cnevelu@soup.io,42729,Yuan Renminbi
788,Parnell,Kinforth,pkinforthlv@samsung.com,25473,Baht
789,Tony,Screas,tscreaslw@gnu.org,12030,Yuan Renminbi
790,Henrie,D'Alesio,hdalesiolx@washington.edu,8156,Euro
791,Maurise,Moyler,mmoylerly@xing.com,51287,Rupiah
792,Moll,Cruft,mcruftlz@1und1.de,62033,Real
793,Gilbertina,Tanzig,gtanzigm0@oaic.gov.au,73128,Ruble
794,Royall,Creggan,rcregganm1@amazon.co.uk,45612,Naira
795,Dennet,Mallard,dmallardm2@miibeian.gov.cn,42452,Zloty
796,Gale,Spivie,gspiviem3@wiley.com,85960,Dollar
797,Steward,Beckmann,sbeckmannm4@bbb.org,50649,Euro
798,Ches,Killoran,ckilloranm5@xrea.com,95966,Yuan Renminbi
799,Meggi,Freed,mfreedm6@reddit.com,12126,Rupiah
800,Christabella,Baudet,cbaudetm7@nytimes.com,15165,Sol
801,Ranice,Alenichev,ralenichevm8@google.com.br,49892,Ruble
802,Jaine,Kynnd,jkynndm9@google.com.br,85441,Baht
803,Maria,Eshmade,meshmadema@wordpress.org,61383,Rupiah
804,Bennie,Gommey,bgommeymb@foxnews.com,27415,Lempira
805,Rafe,Clementson,rclementsonmc@plala.or.jp,2424,Dollar
806,Northrop,Mabson,nmabsonmd@tripadvisor.com,31468,Yuan Renminbi
807,Abdul,Fawbert,afawbertme@about.com,31911,Euro
808,Julieta,Khomin,jkhominmf@joomla.org,44018,Rupiah
809,Arv,McCaig,amccaigmg@cdc.gov,61021,Ruble
810,Esme,Cheeseman,echeesemanmh@eepurl.com,45458,Krona
811,Camille,Albinson,calbinsonmi@networkadvertising.org,15394,Franc
812,Shannon,Shorter,sshortermj@odnoklassniki.ru,72665,Yuan Renminbi
813,Gabie,Leaton,gleatonmk@upenn.edu,68410,Yuan Renminbi
814,Reuben,Arnecke,rarneckeml@ycombinator.com,83108,Gourde
815,Douglass,Smitten,dsmittenmm@eepurl.com,38395,Peso
816,Iona,Lethebridge,ilethebridgemn@yandex.ru,70975,Pound
817,Consalve,Odeson,codesonmo@fotki.com,9970,Yuan Renminbi
818,Lloyd,Kenewell,lkenewellmp@mozilla.com,14062,Koruna
819,Lilly,Honnicott,lhonnicottmq@china.com.cn,33570,Rupiah
820,Melania,Jeynes,mjeynesmr@stumbleupon.com,83680,Yuan Renminbi
821,Elfie,Covey,ecoveyms@cargocollective.com,75662,Peso
822,Bonny,Fenn,bfennmt@google.it,38661,Dirham
823,Sephira,Rosling,sroslingmu@weebly.com,49068,Peso
824,Welby,Guerrin,wguerrinmv@bandcamp.com,43738,Peso
825,Alic,Flanaghan,aflanaghanmw@nasa.gov,56871,Euro
826,Adolpho,Percifull,apercifullmx@trellian.com,40030,Ruble
827,Roderich,Picknett,rpicknettmy@wikispaces.com,63047,Dinar
828,Wallie,Sibly,wsiblymz@sphinn.com,30052,Peso
829,Eddie,Brunelleschi,ebrunelleschin0@china.com.cn,22476,Dollar
830,Law,Meates,lmeatesn1@bbc.co.uk,17015,Peso
831,Faun,Swatton,fswattonn2@un.org,45578,Dollar
832,Ellene,Castanyer,ecastanyern3@photobucket.com,76625,Ruble
833,Earlie,Hennington,ehenningtonn4@hostgator.com,87504,Yuan Renminbi
834,Aurore,Molen,amolenn5@tumblr.com,49328,Balboa
835,Benni,Jauncey,bjaunceyn6@free.fr,84216,Rupiah
836,Xymenes,Bonnefin,xbonnefinn7@princeton.edu,9925,Won
837,Ermin,Attack,eattackn8@yellowpages.com,12079,Euro
838,Paola,Charette,pcharetten9@nature.com,43765,Yuan Renminbi
839,Horatio,Saffer,hsafferna@utexas.edu,37361,Litas
840,Nicky,Conradie,nconradienb@answers.com,83585,Dram
841,Perle,Lonnon,plonnonnc@imdb.com,29205,Euro
842,Henka,Grier,hgriernd@canalblog.com,39642,Rupiah
843,Guinevere,Farrier,gfarrierne@ebay.co.uk,81046,Rand
844,Had,Ickovicz,hickovicznf@ucoz.ru,50159,Pound
845,Isadore,Bastard,ibastardng@nsw.gov.au,7505,Taka
846,Ruby,Bamlett,rbamlettnh@java.com,49627,Birr
847,Amil,Ewers,aewersni@wordpress.org,37898,Peso
848,Bessie,Turfes,bturfesnj@amazon.com,26797,Euro
849,Cordelia,McCorry,cmccorrynk@ucoz.ru,28957,Rupiah
850,Jermaine,Wartnaby,jwartnabynl@com.com,6574,Yuan Renminbi
851,Broddie,Broe,bbroenm@berkeley.edu,79666,Yuan Renminbi
852,Hewitt,Seman,hsemannn@europa.eu,98706,Afghani
853,Will,Greenwell,wgreenwellno@cocolog-nifty.com,8691,Euro
854,Blinnie,Creegan,bcreegannp@webmd.com,94788,Colon
855,Colan,Collomosse,ccollomossenq@usatoday.com,51058,Baht
856,Abdel,Kloska,akloskanr@unicef.org,82332,Dirham
857,Cherilynn,Biggerstaff,cbiggerstaffns@furl.net,9912,Dram
858,Vina,Scholfield,vscholfieldnt@ucsd.edu,92331,Yuan Renminbi
859,Timmy,Behnen,tbehnennu@over-blog.com,29561,Rupee
860,Gabi,Guthrie,gguthrienv@theatlantic.com,69547,Rupiah
861,Wilmette,Rudolf,wrudolfnw@csmonitor.com,35642,Cordoba
862,Cordelia,Huggan,chuggannx@salon.com,43306,Peso
863,Sileas,Henner,shennerny@usnews.com,82560,Peso
864,Hubey,Binning,hbinningnz@jugem.jp,80320,Baht
865,Bogart,Charter,bchartero0@phoca.cz,61722,Real
866,Iago,Duckitt,iduckitto1@twitter.com,11633,Dram
867,Kim,Phipp,kphippo2@biblegateway.com,55637,Yuan Renminbi
868,Troy,Guerreru,tguerreruo3@hugedomains.com,98632,Cordoba
869,Kirby,Lenormand,klenormando4@hp.com,78605,Euro
870,Shandee,Jandl,sjandlo5@cyberchimps.com,89183,Zloty
871,Anstice,Biggadyke,abiggadykeo6@163.com,36878,Rupiah
872,Carlita,Regnard,cregnardo7@gizmodo.com,96723,Lempira
873,Emera,Atheis,eatheiso8@sakura.ne.jp,16705,Yuan Renminbi
874,Celesta,Strugnell,cstrugnello9@instagram.com,51745,Yuan Renminbi
875,Ransom,Lammas,rlammasoa@oaic.gov.au,61884,Krona
876,Valaree,Ovell,vovellob@kickstarter.com,95580,Peso
877,Mareah,Meldrum,mmeldrumoc@blogger.com,73589,Rupiah
878,Reginauld,Rannie,rrannieod@cocolog-nifty.com,34556,Rupiah
879,Adolpho,Campbell-Dunlop,acampbelldunlopoe@shutterfly.com,99481,Rupiah
880,Jessamyn,Westley,jwestleyof@netvibes.com,69039,Yuan Renminbi
881,Matelda,Evequot,mevequotog@ftc.gov,65259,Euro
882,Glenna,Nisot,gnisotoh@cornell.edu,49853,Guarani
883,Monica,Batsford,mbatsfordoi@exblog.jp,96662,Ruble
884,Rosaline,Blagdon,rblagdonoj@tamu.edu,88946,Rupiah
885,Bella,Obern,bobernok@about.me,21916,Krona
886,Felike,McKeating,fmckeatingol@newsvine.com,42674,Peso
887,Martguerita,Jaray,mjarayom@woothemes.com,3673,Lempira
888,Clint,Kindon,ckindonon@census.gov,95202,Lempira
889,El,Durnford,edurnfordoo@ocn.ne.jp,94952,Krona
890,Daphene,Stanistrete,dstanistreteop@wiley.com,85298,Litas
891,Neal,Roke,nrokeoq@marriott.com,31954,Peso
892,Amble,Sneyd,asneydor@aol.com,10330,Naira
893,Michail,Dupoy,mdupoyos@360.cn,82646,Peso
894,Beltran,Clearie,bclearieot@state.gov,49738,Euro
895,Farleigh,Clemot,fclemotou@comsenz.com,31335,Rupiah
896,Henry,Branton,hbrantonov@cdc.gov,77284,Dollar
897,Viviana,Klemensiewicz,vklemensiewiczow@dailymail.co.uk,50101,Peso
898,Rhianna,Bamborough,rbamboroughox@blogspot.com,64806,Euro
899,Loni,Paine,lpaineoy@scribd.com,43969,Marka
900,Bryna,McMechan,bmcmechanoz@abc.net.au,33636,Rupee
901,Katuscha,Bergin,kberginp0@creativecommons.org,44229,Zloty
902,Jamesy,Knocker,jknockerp1@bandcamp.com,8437,Baht
903,Tricia,Hodgets,thodgetsp2@unesco.org,35892,Zloty
904,Margarette,Jeens,mjeensp3@a8.net,99043,Yuan Renminbi
905,Hersch,Gleder,hglederp4@webeden.co.uk,57369,Euro
906,Lynea,Sailor,lsailorp5@ucla.edu,99891,Dollar
907,Mirelle,Hinchon,mhinchonp6@admin.ch,81275,Peso
908,Alexia,Lippingwell,alippingwellp7@bing.com,82512,Yuan Renminbi
909,Philly,Deegan,pdeeganp8@arstechnica.com,53013,Euro
910,Harland,Manshaw,hmanshawp9@yelp.com,4982,Real
911,Jemmie,Dennitts,jdennittspa@pen.io,12753,Dram
912,Maxine,Rickarsey,mrickarseypb@edublogs.org,73166,Yuan Renminbi
913,Sula,Exroll,sexrollpc@rediff.com,10117,Euro
914,Emlynne,Davisson,edavissonpd@com.com,46802,Real
915,Misty,Woodroffe,mwoodroffepe@163.com,9974,Dinar
916,Tiffani,Standbridge,tstandbridgepf@europa.eu,43645,Ruble
917,Devinne,Auston,daustonpg@yellowpages.com,51388,Pound
918,Cosette,Maude,cmaudeph@ed.gov,13618,Sol
919,Alistair,Belasco,abelascopi@si.edu,36479,Yuan Renminbi
920,Carleen,Turneaux,cturneauxpj@nifty.com,42490,Euro
921,Nickie,Burgin,nburginpk@time.com,56882,Rupiah
922,Cheri,Joslyn,cjoslynpl@indiatimes.com,24837,Krona
923,Quinton,Juett,qjuettpm@vistaprint.com,53542,Euro
924,Reyna,Holbie,rholbiepn@com.com,87466,Ruble
925,Gwenore,Fintoph,gfintophpo@admin.ch,43273,Real
926,Dorene,Detloff,ddetloffpp@adobe.com,80044,Dollar
927,Case,Teggart,cteggartpq@odnoklassniki.ru,27707,Dollar
928,Foss,Gueste,fguestepr@mayoclinic.com,13644,Tala
929,Laurice,O'Spillane,lospillaneps@unc.edu,35169,Sol
930,Noam,Acott,nacottpt@sohu.com,95044,Naira
931,Niels,Jasik,njasikpu@google.es,86728,Rupiah
932,Kelci,Kundert,kkundertpv@bloomberg.com,34160,Rupiah
933,Robinett,Tellwright,rtellwrightpw@thetimes.co.uk,58423,Yuan Renminbi
934,Eward,Capstick,ecapstickpx@google.ru,54973,Euro
935,Lynde,Bolzen,lbolzenpy@walmart.com,94075,Baht
936,Zacharias,Newick,znewickpz@jiathis.com,42077,Yuan Renminbi
937,Weber,Adamides,wadamidesq0@reference.com,35194,Yuan Renminbi
938,Nick,Ovise,noviseq1@blogger.com,56456,Bolivar
939,Gaven,Kalvin,gkalvinq2@jalbum.net,80250,Yuan Renminbi
940,Bert,Probart,bprobartq3@xrea.com,4523,Yuan Renminbi
941,Wadsworth,Augustine,waugustineq4@bbc.co.uk,4695,Euro
942,Shanda,Heilds,sheildsq5@webmd.com,39285,Krona
943,Marilyn,Arling,marlingq6@marketwatch.com,12214,Dong
944,Neel,Cutridge,ncutridgeq7@linkedin.com,21588,Rial
945,Misha,McNeill,mmcneillq8@salon.com,14838,Peso
946,Portie,Armfield,parmfieldq9@microsoft.com,74575,Yuan Renminbi
947,Marquita,Butlin,mbutlinqa@youtube.com,84959,Rupiah
948,Melodie,Layus,mlayusqb@drupal.org,87228,Real
949,Worden,Sibly,wsiblyqc@woothemes.com,24799,Yen
950,Allison,Drewery,adreweryqd@altervista.org,14157,Ruble
951,Marcos,McMurdo,mmcmurdoqe@skype.com,45021,Boliviano
952,Margret,Thurman,mthurmanqf@ustream.tv,12526,Pound
953,Lexy,Overpool,loverpoolqg@go.com,2107,Peso
954,Gillan,McClaughlin,gmcclaughlinqh@examiner.com,98229,Yuan Renminbi
955,Ashly,Giacomucci,agiacomucciqi@networksolutions.com,93916,Rand
956,Mateo,Hanwell,mhanwellqj@techcrunch.com,60206,Koruna
957,Ted,Gregol,tgregolqk@about.com,35256,Yuan Renminbi
958,Lolita,Ivanitsa,livanitsaql@lulu.com,73499,Rupiah
959,Marie-ann,Murrock,mmurrockqm@spotify.com,88740,Yuan Renminbi
960,Sheryl,Fairn,sfairnqn@ebay.com,84974,Rand
961,Kay,Giorgielli,kgiorgielliqo@rambler.ru,29122,Yuan Renminbi
962,Olia,O'Fairy,oofairyqp@alibaba.com,20807,Naira
963,Shelli,Byres,sbyresqq@com.com,10969,Franc
964,Vernice,Avey,vaveyqr@shop-pro.jp,30495,Krona
965,Lanette,Durnill,ldurnillqs@webmd.com,58071,Ruble
966,Matthieu,Gabe,mgabeqt@google.pl,12199,Baht
967,Christabel,Vickery,cvickeryqu@opensource.org,88590,Som
968,Katlin,Meadus,kmeadusqv@ovh.net,67141,Hryvnia
969,Ebonee,Favel,efavelqw@com.com,99834,Rupiah
970,Demetra,Lopes,dlopesqx@thetimes.co.uk,30256,Rupiah
971,Aaren,Tavinor,atavinorqy@photobucket.com,19732,Yuan Renminbi
972,Reagen,Miettinen,rmiettinenqz@hatena.ne.jp,88146,Euro
973,Yehudi,Yewman,yyewmanr0@pagesperso-orange.fr,23334,Rand
974,Octavius,Hearson,ohearsonr1@nps.gov,26141,Real
975,Rona,Bowser,rbowserr2@va.gov,33113,Franc
976,Mahmud,Brabyn,mbrabynr3@ifeng.com,86947,Franc
977,Felicia,Wilkerson,fwilkersonr4@oracle.com,22013,Won
978,Lacey,Oehm,loehmr5@tumblr.com,92213,Yuan Renminbi
979,Nesta,Farley,nfarleyr6@shareasale.com,39559,Gourde
980,Beryl,Dunican,bdunicanr7@google.com.hk,36600,Zloty
981,Rois,McKellen,rmckellenr8@youku.com,25905,Kuna
982,Sampson,Fawson,sfawsonr9@csmonitor.com,19556,Krona
983,Alexandros,Baynom,abaynomra@soup.io,73702,Somoni
984,Rafe,Swatheridge,rswatheridgerb@cyberchimps.com,66028,Yuan Renminbi
985,Anatole,Mouan,amouanrc@newsvine.com,53038,Rupiah
986,Clayborn,Abella,cabellard@auda.org.au,3050,Rupiah
987,Carlin,Corsham,ccorshamre@biglobe.ne.jp,73314,Dollar
988,Damiano,Borman,dbormanrf@mashable.com,9995,Euro
989,Farrah,Trembley,ftrembleyrg@wufoo.com,14648,Ruble
990,Lucian,Oglevie,loglevierh@sfgate.com,30866,Peso
991,Brittaney,Heyball,bheyballri@dropbox.com,62992,Rupiah
992,Alleen,Izakovitz,aizakovitzrj@fema.gov,89783,Euro
993,Bambi,Matton,bmattonrk@mit.edu,90920,Yuan Renminbi
994,Timofei,Mearns,tmearnsrl@reverbnation.com,54022,Dollar
995,Bastian,McGourty,bmcgourtyrm@blinklist.com,54760,Yuan Renminbi
996,Tyson,Ditchfield,tditchfieldrn@goo.ne.jp,53989,Ruble
997,Joeann,Frediani,jfredianiro@amazon.co.uk,11714,Ringgit
998,Emmett,Rodgier,erodgierrp@wordpress.org,50471,Peso
999,Libbi,Fursey,lfurseyrq@wix.com,69216,Rand
1000,Elnora,Pretor,epretorrr@paypal.com,24714,Naira
